{"epoch":1,"test_loss":12.591557502746582,"_timestamp":1.7358585702871025e+09,"tf_flops":104.876470493184,"train_loss":13.078615188598633,"total_flops":104876470493184,"_wandb":{"runtime":65},"step":13,"_runtime":64.182779787,"_step":12}