{"_wandb":{"runtime":26},"_runtime":26.363091397,"test_loss":12.84106731414795,"total_flops":51093665112064,"train_loss":12.341636657714844,"_timestamp":1.735860865727408e+09,"final_ff_loss":12.838122367858887,"test_loss_ff":12.838122367858887,"final_tf_flops":51.093665112064,"final_total_flops":51093665112064,"tf_flops":51.093665112064,"step_count":6,"_step":7,"training_time_s":23.758268356323242}